wl_depth,impact_criterion,coupled_criterion,sserr_result,touchdown_distance
50.0,53.38952232130742,71.857262131874,0.4425496727352281,837.5844586929942
100.0,88.57206507351668,116.6512943331631,1.0536937620801954,1037.6344138237332
140.0,99.73166279482808,133.9324541970338,1.4126807398035006,1086.9735074997495
