wl_depth,impact_criterion,coupled_criterion,sserr_result,touchdown_distance
50.0,27.11868854723158,38.99358805034229,0.3644870124276917,517.5018244227555
100.0,39.527692333480346,57.734666371244785,0.7220458230004436,703.1776837070449
150.0,46.06865393952528,68.01672235616635,1.0406896741476503,775.8956854572683
200.0,104.68638225501822,143.78587364062602,1.5046061128554724,1298.8583848677558
250.0,130.35319177896542,174.61157591707428,2.184897350134931,1368.8856055662127
300.0,146.7568306136869,198.90487924051655,2.7828385744129363,1474.2898284344662
